first name,last name,email,city,country,date_joined,company,bio,id,tags
Whilemina,Benton,sollicitudin.orci@arcuiaculisenim.ca,Ansfelden,Sri Lanka,12/25/13,Vivamus Institute,"amet nulla. Donec non justo. Proin non massa non ante bibendum ullamcorper. Duis cursus, diam at pretium aliquet, metus urna convallis",1,"contributor, author, "
Kim,Sellers,amet.ultricies@ultriciesdignissim.com,Cabo de Santo Agostinho,Burundi,06/26/14,Maecenas Ornare Foundation,"eget massa. Suspendisse eleifend. Cras sed leo. Cras vehicula aliquet libero. Integer in magna. Phasellus dolor elit, pellentesque a, facilisis non, bibendum sed, est. Nunc laoreet lectus quis massa.",2,
Laura,Cole,porttitor.interdum.Sed@rutrum.org,Castellana Sicula,Djibouti,05/14/15,In Institute,"vitae mauris sit amet lorem semper auctor. Mauris vel turpis. Aliquam adipiscing lobortis risus. In mi pede, nonummy ut, molestie in, tempus eu, ligula. Aenean euismod mauris eu elit. Nulla facilisi.",3,editor
Kimberley,Drake,tellus.imperdiet.non@lacinia.com,Nocciano,Croatia,02/26/15,Quam Quis Diam Industries,"metus. In nec orci. Donec nibh. Quisque nonummy ipsum non arcu. Vivamus sit amet risus. Donec egestas. Aliquam nec enim. Nunc ut erat. Sed nunc est, mollis non, cursus non, egestas a, dui. Cras pellentesque. Sed dictum. Proin",4,"editor, active"
Andrew,Trujillo,mollis.vitae.posuere@ametconsectetueradipiscing.com,McCallum,Andorra,02/12/08,Inceptos Hymenaeos Mauris Foundation,"Etiam vestibulum massa rutrum magna. Cras convallis convallis dolor. Quisque tincidunt pede ac urna. Ut tincidunt vehicula risus. Nulla eget metus eu erat semper rutrum. Fusce dolor quam, elementum at, egestas a, scelerisque sed, sapien. Nunc pulvinar arcu",5,
Cody,Clark,urna.nec.luctus@in.org,Roermond,Syria,01/05/11,Interdum Nunc Sollicitudin Limited,"orci. Donec nibh. Quisque nonummy ipsum non arcu. Vivamus sit amet risus. Donec egestas. Aliquam nec enim. Nunc ut erat. Sed nunc est,",6,active
Indira,Grant,vitae@lacus.net,Falciano del Massico,Georgia,10/20/08,Sollicitudin Orci Sem Institute,"ullamcorper. Duis cursus, diam at pretium aliquet, metus urna convallis erat, eget tincidunt dui augue eu tellus. Phasellus elit pede, malesuada vel, venenatis vel, faucibus",7,"editor, "
Cooper,Ortega,Quisque@magnatellusfaucibus.org,Metz,Botswana,07/11/10,Libero Corp.,"fringilla, porttitor vulputate, posuere vulputate, lacus. Cras interdum. Nunc sollicitudin commodo ipsum. Suspendisse non leo. Vivamus nibh dolor, nonummy ac, feugiat non, lobortis quis, pede. Suspendisse dui. Fusce diam nunc, ullamcorper eu, euismod ac, fermentum vel, mauris.",8,"editor, , "
Holly,Hood,magna@nisi.ca,Leut,Chile,06/15/13,Justo Consulting,"metus. In lorem. Donec elementum, lorem ut aliquam iaculis, lacus pede sagittis augue, eu tempor erat neque non quam. Pellentesque habitant morbi tristique senectus et netus et malesuada fames ac turpis egestas. Aliquam fringilla cursus purus.",9,"guest, , contributor"
Murphy,Monroe,mauris.sapien@id.net,Castel Maggiore,Cuba,07/24/13,Proin Non Massa Associates,"molestie tortor nibh sit amet orci. Ut sagittis lobortis mauris. Suspendisse aliquet molestie tellus. Aenean egestas hendrerit neque. In ornare sagittis felis. Donec tempor, est ac mattis semper, dui lectus rutrum urna, nec luctus felis purus ac tellus. Suspendisse",10,
Nina,Tate,Sed.nulla.ante@quam.com,Forio,Brunei,04/18/09,Et Associates,"lectus pede, ultrices a, auctor non, feugiat nec, diam. Duis mi enim, condimentum eget, volutpat ornare, facilisis eget, ipsum. Donec sollicitudin adipiscing",11,"active, , editor"
Tad,Smith,et@egetvenenatis.org,Lasne-Chapelle-Saint-Lambert,Germany,02/03/14,Ultricies Sem Magna LLC,"dictum eu, eleifend nec, malesuada ut, sem. Nulla interdum. Curabitur dictum. Phasellus in felis. Nulla tempor augue ac ipsum. Phasellus vitae",12,
Maile,Cotton,orci@sempertellusid.org,Richmond,Tokelau,10/16/14,A Associates,turpis. In condimentum. Donec at arcu. Vestibulum ante ipsum primis in faucibus orci luctus et ultrices posuere cubilia Curae; Donec tincidunt. Donec vitae erat vel,13,"active, editor"
Louis,Koch,feugiat.non@cursuset.edu,Gavirate,United States Minor Outlying Islands,01/15/09,Ac Corp.,"Duis mi enim, condimentum eget, volutpat ornare, facilisis eget, ipsum. Donec sollicitudin adipiscing ligula. Aenean gravida nunc sed pede. Cum sociis natoque penatibus et magnis dis parturient montes, nascetur ridiculus mus. Proin vel arcu eu odio tristique",14,"guest, editor, "
Martha,Kemp,Fusce.mollis@etipsum.co.uk,Tubeke Tubize,Saudi Arabia,10/02/05,Donec Egestas Industries,"metus. In lorem. Donec elementum, lorem ut aliquam iaculis, lacus pede sagittis augue, eu tempor erat neque non quam. Pellentesque habitant morbi tristique senectus et netus et malesuada fames ac turpis egestas. Aliquam fringilla cursus purus. Nullam scelerisque",15,"editor, "
Tatiana,Meyers,tincidunt.congue@euismodindolor.org,Saint-Marcel,Tuvalu,12/01/11,Est Tempor Bibendum LLC,"eu erat semper rutrum. Fusce dolor quam, elementum at, egestas a, scelerisque sed, sapien. Nunc pulvinar arcu et pede. Nunc sed orci lobortis augue scelerisque mollis. Phasellus libero mauris, aliquam eu,",16,
Thomas,Walker,purus.sapien@euismodetcommodo.ca,Orroli,Bangladesh,06/16/14,Diam Vel Institute,"amet, risus. Donec nibh enim, gravida sit amet, dapibus id, blandit at, nisi. Cum sociis natoque penatibus et magnis dis parturient montes,",17,contributor
Rahim,Dominguez,Nunc@at.com,Leduc,Qatar,09/16/12,Tristique Ac Eleifend Associates,"enim. Curabitur massa. Vestibulum accumsan neque et nunc. Quisque ornare tortor at risus. Nunc ac sem ut dolor dapibus gravida. Aliquam tincidunt, nunc ac mattis ornare, lectus",18,
Randall,West,mauris@Nam.ca,Bad D�rkheim,Morocco,07/19/11,Luctus Incorporated,"eleifend, nunc risus varius orci, in consequat enim diam vel arcu. Curabitur ut odio vel est tempor bibendum. Donec felis orci, adipiscing non, luctus sit amet, faucibus",19,"author, guest, editor"
Macy,Cooper,Aliquam.rutrum.lorem@lobortis.org,Metz,Antarctica,03/17/09,Integer Mollis Industries,"sagittis felis. Donec tempor, est ac mattis semper, dui lectus rutrum urna, nec luctus felis purus ac tellus. Suspendisse sed dolor. Fusce mi lorem, vehicula et, rutrum eu, ultrices",20,"contributor, active"
Stephen,Wheeler,velit@Pellentesque.net,Nicoya,Curaçao,06/27/09,Luctus Felis Purus LLC,"pede. Suspendisse dui. Fusce diam nunc, ullamcorper eu, euismod ac, fermentum vel, mauris. Integer sem elit, pharetra ut, pharetra sed, hendrerit a, arcu. Sed et libero.",21,
Dara,Ellison,diam.Duis.mi@mollisDuis.org,Palagano,Turks and Caicos Islands,07/08/08,Proin Non Institute,"Nunc commodo auctor velit. Aliquam nisl. Nulla eu neque pellentesque massa lobortis ultrices. Vivamus rhoncus. Donec est. Nunc ullamcorper, velit in aliquet lobortis, nisi nibh lacinia orci, consectetuer euismod est arcu ac orci. Ut semper pretium neque. Morbi",22,"guest, author, "
Mia,Pittman,tincidunt.adipiscing.Mauris@euismodenimEtiam.org,The Hague,Greenland,11/26/10,Sed Eget LLP,"lectus rutrum urna, nec luctus felis purus ac tellus. Suspendisse sed dolor. Fusce mi lorem, vehicula et, rutrum eu, ultrices sit amet, risus. Donec nibh enim, gravida sit amet, dapibus id, blandit at, nisi. Cum sociis",23,"contributor, , active"
Danielle,Blackwell,metus.vitae.velit@a.co.uk,Spoleto,India,04/29/06,Aliquet Institute,"commodo auctor velit. Aliquam nisl. Nulla eu neque pellentesque massa lobortis ultrices. Vivamus rhoncus. Donec est. Nunc ullamcorper, velit in aliquet lobortis, nisi nibh lacinia orci, consectetuer euismod est arcu ac orci. Ut semper pretium neque. Morbi quis urna. Nunc",24,", contributor"
Cullen,Cunningham,turpis.Nulla@magnaSed.net,L�rrach,Singapore,07/15/08,Convallis Limited,"Fusce aliquam, enim nec tempus scelerisque, lorem ipsum sodales purus, in molestie tortor nibh sit amet orci. Ut sagittis lobortis mauris. Suspendisse aliquet molestie tellus. Aenean egestas hendrerit neque. In",25,contributor
Sopoline,Goodman,Nam@semvitae.ca,Perugia,Tajikistan,02/04/07,Metus Limited,"rutrum urna, nec luctus felis purus ac tellus. Suspendisse sed dolor. Fusce mi lorem, vehicula et, rutrum eu, ultrices sit",26,
Venus,Vincent,Sed@Mauriseu.com,Curon Venosta/Graun im Vinschgau,Spain,10/08/13,Natoque Penatibus Associates,"rutrum urna, nec luctus felis purus ac tellus. Suspendisse sed dolor. Fusce mi lorem, vehicula et, rutrum eu, ultrices sit amet, risus. Donec nibh",27,"guest, , "
MacKensie,Mcbride,Donec@purus.edu,Papasidero,Haiti,04/02/09,Pede Suspendisse LLP,malesuada fames ac turpis egestas. Fusce aliquet magna a neque. Nullam ut nisi a odio semper cursus. Integer mollis. Integer tincidunt aliquam arcu. Aliquam ultrices iaculis odio. Nam interdum enim non nisi. Aenean eget metus. In nec,28,
Dean,Patrick,eu@Integer.co.uk,Selkirk,Aruba,05/02/09,Non Sollicitudin Inc.,"at auctor ullamcorper, nisl arcu iaculis enim, sit amet ornare lectus justo eu arcu. Morbi sit amet massa. Quisque porttitor eros nec tellus. Nunc lectus pede, ultrices a, auctor non, feugiat nec, diam. Duis mi enim, condimentum eget, volutpat",29,
Miriam,Stephens,est@Aliquamgravidamauris.com,Novoli,Bahrain,05/26/06,Et Arcu Foundation,"lectus, a sollicitudin orci sem eget massa. Suspendisse eleifend. Cras sed leo. Cras vehicula aliquet libero. Integer in magna. Phasellus dolor",30,
Magee,Whitehead,natoque@semper.edu,Merseburg,Andorra,07/24/14,Felis Nulla Institute,"Nunc laoreet lectus quis massa. Mauris vestibulum, neque sed dictum eleifend, nunc risus varius orci, in consequat enim diam vel arcu. Curabitur ut odio vel est tempor bibendum. Donec felis orci, adipiscing non, luctus sit amet, faucibus ut, nulla.",31,"author, guest"
Kermit,Austin,ante.lectus@ornarelectus.net,Dibrugarh,Seychelles,07/29/14,Aliquam Rutrum Lorem Associates,"sapien, cursus in, hendrerit consectetuer, cursus et, magna. Praesent interdum ligula eu enim. Etiam imperdiet dictum magna. Ut tincidunt orci quis lectus. Nullam suscipit, est ac facilisis facilisis, magna tellus faucibus leo, in lobortis tellus justo sit amet nulla. Donec",32,
Tanisha,Jimenez,interdum.ligula.eu@Namtempor.org,Carlton,Bulgaria,07/11/11,In Tempus Eu Corp.,"congue. In scelerisque scelerisque dui. Suspendisse ac metus vitae velit egestas lacinia. Sed congue, elit sed consequat auctor, nunc nulla vulputate dui, nec tempus mauris erat eget ipsum. Suspendisse sagittis. Nullam vitae diam. Proin dolor. Nulla semper",33,", contributor"
Kaye,Ramos,metus.facilisis.lorem@tempusrisus.net,Zaragoza,Rwanda,09/09/08,At Pretium Aliquet Corporation,"risus. Nunc ac sem ut dolor dapibus gravida. Aliquam tincidunt, nunc ac mattis ornare, lectus ante dictum mi, ac mattis velit justo nec ante. Maecenas mi",34,"author, active"
Orlando,Cantu,egestas.blandit.Nam@anteiaculisnec.net,Columbia,Guyana,08/23/11,Felis Orci Adipiscing Inc.,"magna. Praesent interdum ligula eu enim. Etiam imperdiet dictum magna. Ut tincidunt orci quis lectus. Nullam suscipit, est ac facilisis facilisis, magna tellus",35,active
Jaime,Potter,urna.Ut@eratvolutpatNulla.com,Sassocorvaro,Moldova,04/26/15,Sit Amet Nulla Corporation,"Donec sollicitudin adipiscing ligula. Aenean gravida nunc sed pede. Cum sociis natoque penatibus et magnis dis parturient montes, nascetur ridiculus mus. Proin vel arcu eu odio tristique pharetra. Quisque",36,
Mariam,Wood,sagittis@magnaaneque.net,Merthyr Tydfil,"Virgin Islands, British",10/19/09,Egestas Duis LLP,"In scelerisque scelerisque dui. Suspendisse ac metus vitae velit egestas lacinia. Sed congue, elit sed consequat auctor, nunc nulla vulputate dui, nec tempus mauris erat eget ipsum. Suspendisse sagittis. Nullam vitae diam. Proin dolor. Nulla",37,
Diana,Camacho,dui.Cras@cursusetmagna.edu,Chattanooga,Kyrgyzstan,10/26/08,Ipsum Suspendisse Associates,ut quam vel sapien imperdiet ornare. In faucibus. Morbi vehicula. Pellentesque tincidunt tempus risus. Donec egestas. Duis ac arcu. Nunc mauris. Morbi non sapien molestie orci tincidunt,38,", guest"
Isaac,Ewing,in.consectetuer@velvulputate.edu,Ururi,Saudi Arabia,05/16/10,Dignissim Tempor Limited,"dictum mi, ac mattis velit justo nec ante. Maecenas mi felis, adipiscing fringilla, porttitor vulputate, posuere vulputate, lacus. Cras interdum. Nunc sollicitudin commodo ipsum. Suspendisse non leo. Vivamus nibh dolor, nonummy ac, feugiat non, lobortis quis, pede.",39,", , active"
Aidan,Fitzpatrick,mattis.Integer@Donec.org,Orvault,Bolivia,06/22/09,Interdum Nunc Sollicitudin Foundation,"sollicitudin orci sem eget massa. Suspendisse eleifend. Cras sed leo. Cras vehicula aliquet libero. Integer in magna. Phasellus dolor elit, pellentesque a, facilisis non, bibendum sed, est. Nunc laoreet lectus quis massa. Mauris vestibulum, neque",40,"author, "
Oren,Herrera,natoque.penatibus@ligulaNullamfeugiat.co.uk,Swan Hills,Faroe Islands,06/14/09,Rhoncus Id Corp.,"est, mollis non, cursus non, egestas a, dui. Cras pellentesque. Sed dictum. Proin eget odio. Aliquam vulputate ullamcorper magna. Sed eu",41,"guest, "
Lilah,Roman,lobortis.nisi@elementumpurus.co.uk,Fort Smith,Germany,02/06/12,Tellus Nunc Ltd,"eros nec tellus. Nunc lectus pede, ultrices a, auctor non, feugiat nec, diam. Duis mi enim, condimentum eget, volutpat ornare, facilisis eget, ipsum. Donec sollicitudin adipiscing ligula. Aenean gravida nunc sed pede. Cum sociis natoque penatibus et magnis dis",42,
Belle,Jimenez,at.augue.id@facilisisfacilisis.com,Bungay,Pitcairn Islands,04/12/11,Non Associates,"montes, nascetur ridiculus mus. Proin vel arcu eu odio tristique pharetra. Quisque ac libero nec ligula consectetuer rhoncus. Nullam velit dui, semper et, lacinia vitae, sodales at, velit. Pellentesque ultricies",43,contributor
Francis,Alvarez,id.ante.dictum@eusem.edu,Rouyn-Noranda,French Polynesia,03/27/05,Phasellus Vitae Mauris LLC,"nec urna et arcu imperdiet ullamcorper. Duis at lacus. Quisque purus sapien, gravida non, sollicitudin a, malesuada id, erat. Etiam vestibulum massa rutrum magna. Cras convallis convallis dolor. Quisque tincidunt pede ac urna. Ut tincidunt",44,
Ray,Paul,ut.erat.Sed@necenim.org,Assiniboia,Guernsey,02/19/05,Dictum Inc.,"primis in faucibus orci luctus et ultrices posuere cubilia Curae; Donec tincidunt. Donec vitae erat vel pede blandit congue. In scelerisque scelerisque dui. Suspendisse ac metus vitae velit egestas lacinia. Sed congue, elit sed consequat auctor,",45,
Daria,Cross,magna.sed@urna.ca,Deurne,Niue,04/22/11,Nisl Industries,"dolor, tempus non, lacinia at, iaculis quis, pede. Praesent eu dui. Cum sociis natoque penatibus et magnis dis parturient montes, nascetur ridiculus mus. Aenean eget magna. Suspendisse tristique neque venenatis lacus. Etiam bibendum fermentum metus. Aenean",46,
Abra,Huber,nulla@nonbibendumsed.net,Castiglione di Sicilia,Honduras,10/22/08,Pellentesque LLP,"Class aptent taciti sociosqu ad litora torquent per conubia nostra, per inceptos hymenaeos. Mauris ut quam vel sapien imperdiet ornare. In faucibus. Morbi vehicula. Pellentesque",47,"active, "
Chastity,Carson,consequat.enim@non.net,Plymouth,Kiribati,03/07/10,Quisque Purus Ltd,"a sollicitudin orci sem eget massa. Suspendisse eleifend. Cras sed leo. Cras vehicula aliquet libero. Integer in magna. Phasellus dolor elit, pellentesque a, facilisis non, bibendum sed, est. Nunc laoreet lectus quis massa. Mauris",48,"contributor, , editor"
Christen,Tyler,dignissim.magna@diamDuis.net,Kaneohe,Cuba,07/16/12,Mauris Vestibulum LLP,"lorem, eget mollis lectus pede et risus. Quisque libero lacus, varius et, euismod et, commodo at, libero. Morbi accumsan laoreet ipsum. Curabitur consequat, lectus sit amet luctus vulputate, nisi sem semper erat, in consectetuer ipsum nunc id enim. Curabitur massa.",49,", guest"
Eagan,Madden,Aliquam.fringilla.cursus@miac.co.uk,Kawartha Lakes,British Indian Ocean Territory,11/05/06,Cras Lorem Lorem Consulting,"dui lectus rutrum urna, nec luctus felis purus ac tellus. Suspendisse sed dolor. Fusce mi lorem, vehicula et, rutrum eu, ultrices sit amet, risus. Donec",50,
Kitra,Pickett,fermentum.vel@Namnulla.org,Quinte West,Wallis and Futuna,10/22/13,Ligula Aliquam Erat Company,"sit amet risus. Donec egestas. Aliquam nec enim. Nunc ut erat. Sed nunc est, mollis non, cursus non, egestas a, dui. Cras pellentesque. Sed dictum. Proin",51,"contributor, guest, "
Risa,Pickett,est.Nunc.ullamcorper@eget.com,Molenbeersel,Netherlands,12/10/11,Sagittis Semper LLC,"felis orci, adipiscing non, luctus sit amet, faucibus ut, nulla. Cras eu tellus eu augue porttitor interdum. Sed auctor odio a purus. Duis elementum, dui quis accumsan",52,"editor, , contributor"
Pearl,Cooke,eleifend.vitae@feugiat.ca,Asbestos,Slovakia,12/11/05,Cras Eu Tellus Corporation,"sagittis. Duis gravida. Praesent eu nulla at sem molestie sodales. Mauris blandit enim consequat purus. Maecenas libero est, congue a, aliquet vel, vulputate eu, odio. Phasellus at augue id ante dictum cursus. Nunc mauris elit, dictum eu, eleifend nec,",53,", contributor, "
Arthur,Robertson,Quisque.purus@Donectempuslorem.org,Bayonne,Albania,08/11/07,Augue Sed Molestie LLC,"dolor. Fusce mi lorem, vehicula et, rutrum eu, ultrices sit amet, risus. Donec nibh enim, gravida sit amet, dapibus id,",54,
Beverly,Benton,euismod.et.commodo@ante.org,Srinagar,Cayman Islands,07/05/09,Odio Etiam Consulting,tempor erat neque non quam. Pellentesque habitant morbi tristique senectus et netus et malesuada fames ac turpis egestas. Aliquam fringilla,55,", active, contributor"
Jasmine,Barnett,urna.Nullam.lobortis@velfaucibus.com,Montacuto,Spain,12/31/05,Sapien Institute,"lacus pede sagittis augue, eu tempor erat neque non quam. Pellentesque habitant morbi tristique senectus et netus et malesuada fames ac turpis",56,", active"
Octavia,Bender,eu@nonfeugiatnec.com,Annan,Cameroon,05/09/11,Quis Industries,"magna. Suspendisse tristique neque venenatis lacus. Etiam bibendum fermentum metus. Aenean sed pede nec ante blandit viverra. Donec tempus, lorem fringilla ornare",57,"guest, "
Tallulah,Berry,mauris.a.nunc@vulputate.ca,Gulfport,Saint Barthélemy,10/27/09,Malesuada Id Corp.,"non, hendrerit id, ante. Nunc mauris sapien, cursus in, hendrerit consectetuer, cursus et, magna. Praesent interdum ligula eu enim. Etiam imperdiet dictum magna. Ut tincidunt orci quis lectus. Nullam suscipit, est ac facilisis facilisis, magna tellus faucibus",58,
Teegan,Finch,Integer@tempordiam.org,Cortil-Noirmont,Brunei,05/25/13,Quis Arcu Limited,"tellus non magna. Nam ligula elit, pretium et, rutrum non, hendrerit id, ante. Nunc mauris sapien, cursus in, hendrerit consectetuer, cursus et, magna. Praesent interdum ligula eu enim. Etiam imperdiet dictum magna. Ut tincidunt orci quis lectus. Nullam suscipit, est",59,contributor
Amethyst,Pope,sagittis.augue@fringilla.co.uk,Harbour Grace,Guatemala,01/05/14,Aliquam Limited,"ornare tortor at risus. Nunc ac sem ut dolor dapibus gravida. Aliquam tincidunt, nunc ac mattis ornare, lectus ante dictum mi, ac mattis velit justo nec ante. Maecenas mi",60,"editor, guest, author"
Plato,Holland,dui.Fusce.aliquam@antedictumcursus.com,Kansas City,Gibraltar,10/20/06,Mauris Ltd,"ligula. Aenean gravida nunc sed pede. Cum sociis natoque penatibus et magnis dis parturient montes, nascetur ridiculus mus. Proin vel arcu eu odio tristique pharetra. Quisque ac libero nec ligula consectetuer rhoncus. Nullam velit dui, semper",61,"author, guest"
Heather,Schultz,convallis@aliquetmolestietellus.ca,Virelles,Bangladesh,01/09/06,Faucibus Orci Industries,"non, bibendum sed, est. Nunc laoreet lectus quis massa. Mauris vestibulum, neque sed dictum eleifend, nunc risus varius orci, in consequat enim diam vel arcu. Curabitur ut odio vel est tempor bibendum. Donec felis orci, adipiscing non,",62,"active, contributor, author"
Nigel,Day,ac.facilisis.facilisis@non.edu,Newcastle,Saint Vincent and The Grenadines,06/11/06,Volutpat Nunc Corporation,"Proin nisl sem, consequat nec, mollis vitae, posuere at, velit. Cras lorem lorem, luctus ut, pellentesque eget, dictum placerat, augue. Sed",63,active
Lee,Chandler,id.ante.dictum@sedturpis.com,Carnoustie,Paraguay,11/16/11,Non Arcu Vivamus Company,"non nisi. Aenean eget metus. In nec orci. Donec nibh. Quisque nonummy ipsum non arcu. Vivamus sit amet risus. Donec egestas. Aliquam nec enim. Nunc ut erat. Sed nunc est,",64,
Scarlett,Davidson,ligula@erat.co.uk,Lustin,Comoros,09/19/09,Nibh Incorporated,"mattis semper, dui lectus rutrum urna, nec luctus felis purus ac tellus. Suspendisse sed dolor. Fusce mi lorem, vehicula et, rutrum",65,contributor
Cherokee,Bates,cursus.vestibulum@lacuspede.org,Habay-la-Neuve,Netherlands,03/25/10,Et Arcu Imperdiet Limited,"est mauris, rhoncus id, mollis nec, cursus a, enim. Suspendisse aliquet, sem ut cursus luctus, ipsum leo elementum sem, vitae aliquam eros turpis non enim. Mauris quis turpis vitae purus",66,", author"
Sebastian,Little,venenatis.lacus@consectetuer.org,Florianópolis,Reunion,07/15/08,Dictum Sapien Aenean Ltd,"imperdiet ullamcorper. Duis at lacus. Quisque purus sapien, gravida non, sollicitudin a, malesuada id, erat. Etiam vestibulum massa rutrum magna. Cras convallis convallis dolor. Quisque tincidunt pede ac urna. Ut tincidunt vehicula risus. Nulla eget metus eu erat",67,", , contributor"
Tamekah,Santiago,non.enim@Vivamus.edu,Sart-Eustache,American Samoa,01/02/06,Diam At Pretium PC,"amet ornare lectus justo eu arcu. Morbi sit amet massa. Quisque porttitor eros nec tellus. Nunc lectus pede, ultrices a, auctor non, feugiat nec,",68,guest
Raphael,Olson,leo@auctor.co.uk,Namur,Honduras,07/05/13,Sollicitudin Consulting,"arcu. Vivamus sit amet risus. Donec egestas. Aliquam nec enim. Nunc ut erat. Sed nunc est, mollis non, cursus non, egestas a, dui. Cras pellentesque. Sed dictum. Proin eget",69,"author, active, guest"
Barclay,York,consectetuer.adipiscing.elit@Pellentesqueutipsum.net,Udaipur,United Arab Emirates,01/06/10,Ac Turpis Company,dictum. Proin eget odio. Aliquam vulputate ullamcorper magna. Sed eu eros. Nam consequat dolor vitae dolor. Donec fringilla. Donec feugiat metus sit amet ante. Vivamus non lorem vitae odio sagittis semper. Nam tempor diam dictum sapien. Aenean massa.,70,editor
Breanna,Phillips,Cras.dolor@elementumlorem.ca,Fahler,Bahamas,05/21/12,At Company,"vulputate, lacus. Cras interdum. Nunc sollicitudin commodo ipsum. Suspendisse non leo. Vivamus nibh dolor, nonummy ac, feugiat non, lobortis quis, pede. Suspendisse dui. Fusce diam nunc, ullamcorper eu, euismod ac, fermentum vel, mauris. Integer sem elit, pharetra ut,",71,", "
Rahim,Conrad,Integer.in@laciniamattis.co.uk,Sangli,Malaysia,05/14/14,Nisl Inc.,"pede. Cum sociis natoque penatibus et magnis dis parturient montes, nascetur ridiculus mus. Proin vel arcu eu odio tristique pharetra.",72,"contributor, active, "
Xandra,Payne,Nunc@necmetusfacilisis.ca,Hatfield,Svalbard and Jan Mayen Islands,07/31/07,Pede Ultrices Consulting,"ultrices, mauris ipsum porta elit, a feugiat tellus lorem eu metus. In lorem. Donec elementum, lorem ut aliquam iaculis, lacus pede sagittis augue, eu tempor erat neque non quam. Pellentesque habitant morbi tristique senectus",73,author
Signe,Snow,tellus.non@leoVivamusnibh.org,Meeuwen-Gruitrode,Malaysia,01/05/09,Augue Porttitor Interdum LLC,"justo eu arcu. Morbi sit amet massa. Quisque porttitor eros nec tellus. Nunc lectus pede, ultrices a, auctor non, feugiat nec, diam. Duis mi enim, condimentum eget, volutpat ornare, facilisis eget, ipsum. Donec sollicitudin adipiscing ligula. Aenean gravida nunc",74,
Nita,Crosby,semper.erat@magnanecquam.co.uk,Hoeilaart,Burundi,12/04/10,Mauris Ut Incorporated,"pellentesque eget, dictum placerat, augue. Sed molestie. Sed id risus quis diam luctus lobortis. Class aptent taciti sociosqu ad litora torquent per conubia nostra, per",75,"contributor, "
Stacy,Henry,in@Lorem.ca,B.S.D.,Mozambique,05/27/11,Ultrices Sit Amet Inc.,"ut, nulla. Cras eu tellus eu augue porttitor interdum. Sed auctor odio a purus. Duis elementum, dui quis accumsan convallis, ante lectus convallis est, vitae sodales nisi magna sed dui. Fusce aliquam, enim",76,"editor, , guest"
Hasad,Cardenas,fames@orci.co.uk,Nizamabad,Slovenia,07/26/13,Suspendisse Sed Dolor Institute,"sit amet, consectetuer adipiscing elit. Curabitur sed tortor. Integer aliquam adipiscing lacus. Ut nec urna et arcu imperdiet ullamcorper. Duis at lacus. Quisque purus sapien, gravida non, sollicitudin a,",77,
Zelenia,Dalton,senectus@imperdietullamcorper.edu,Saint-Denis,Macao,01/16/08,Aenean LLC,"ad litora torquent per conubia nostra, per inceptos hymenaeos. Mauris ut quam vel sapien imperdiet ornare. In faucibus. Morbi vehicula. Pellentesque tincidunt tempus risus. Donec egestas.",78,"author, editor"
Chaim,Wood,condimentum.Donec@musProinvel.org,Milwaukee,Yemen,04/04/10,Magna Suspendisse Tristique Ltd,erat. Vivamus nisi. Mauris nulla. Integer urna. Vivamus molestie dapibus ligula. Aliquam erat volutpat. Nulla dignissim. Maecenas ornare egestas ligula. Nullam feugiat,79,
Cruz,Guthrie,convallis.est@euerosNam.ca,Orilla,Colombia,11/21/14,Id Magna Et Associates,"Class aptent taciti sociosqu ad litora torquent per conubia nostra, per inceptos hymenaeos. Mauris ut quam vel sapien imperdiet ornare. In faucibus. Morbi vehicula. Pellentesque tincidunt tempus risus. Donec egestas.",80,
Zachery,Strickland,non.sapien@tortorNunc.com,Jackson,Antarctica,03/05/15,Id PC,libero. Proin sed turpis nec mauris blandit mattis. Cras eget nisi dictum augue malesuada malesuada. Integer id magna et ipsum cursus vestibulum. Mauris magna.,81,
Courtney,Mccoy,ornare.lectus.ante@tempusnonlacinia.co.uk,Grobbendonk,Saint Kitts and Nevis,06/06/05,Nibh Phasellus Nulla Inc.,"Aliquam nisl. Nulla eu neque pellentesque massa lobortis ultrices. Vivamus rhoncus. Donec est. Nunc ullamcorper, velit in aliquet lobortis, nisi nibh lacinia orci,",82,
Ashton,Nieves,dapibus.ligula@aultricies.org,Bognor Regis,Andorra,03/12/13,Sed Malesuada Augue Foundation,"risus. In mi pede, nonummy ut, molestie in, tempus eu, ligula. Aenean euismod mauris eu elit. Nulla facilisi. Sed neque. Sed eget lacus. Mauris non dui nec urna suscipit nonummy. Fusce fermentum",83,editor
Dai,Houston,cursus.non.egestas@fermentumfermentum.com,Vitrival,Moldova,03/07/10,Fringilla Euismod LLP,"Cras vulputate velit eu sem. Pellentesque ut ipsum ac mi eleifend egestas. Sed pharetra, felis eget varius ultrices, mauris ipsum porta elit, a feugiat tellus lorem eu metus. In lorem. Donec elementum, lorem ut aliquam iaculis,",84,"active, contributor"
Zena,Sloan,vestibulum.neque@faucibusorciluctus.com,Meldert,San Marino,06/09/11,Dui Semper Et Inc.,"vulputate, risus a ultricies adipiscing, enim mi tempor lorem, eget mollis lectus pede et risus. Quisque libero lacus, varius et, euismod et, commodo at, libero. Morbi accumsan laoreet ipsum. Curabitur consequat, lectus sit amet luctus",85,"active, editor, "
Bruce,Hartman,congue.a@eumetus.ca,Koninksem,Falkland Islands,12/08/08,Ligula Aenean Gravida Foundation,"dui augue eu tellus. Phasellus elit pede, malesuada vel, venenatis vel, faucibus id, libero. Donec consectetuer mauris id sapien. Cras dolor",86,"guest, author"
Ursa,Gay,dignissim.tempor.arcu@etnetus.co.uk,Cisterna di Latina,Saint Lucia,06/14/07,Bibendum Ullamcorper Duis LLP,"erat, in consectetuer ipsum nunc id enim. Curabitur massa. Vestibulum accumsan neque et nunc. Quisque ornare tortor at risus. Nunc ac sem ut dolor dapibus gravida. Aliquam tincidunt, nunc ac mattis",87,", active, contributor"
Natalie,Townsend,Fusce@mattisornarelectus.com,Batiscan,Sweden,05/02/08,Facilisis Magna LLP,netus et malesuada fames ac turpis egestas. Fusce aliquet magna a neque. Nullam ut nisi a odio semper cursus. Integer,88,"author, contributor, "
Cailin,Browning,ultrices.a@auctorquistristique.net,Diepenbeek,Gambia,05/24/07,Egestas Industries,"tristique pharetra. Quisque ac libero nec ligula consectetuer rhoncus. Nullam velit dui, semper et, lacinia vitae, sodales at, velit. Pellentesque ultricies dignissim lacus. Aliquam rutrum",89,", author, contributor"
Lynn,Raymond,Sed.eu@Fuscefermentumfermentum.net,Chiauci,Suriname,04/04/11,Ornare Elit Elit Incorporated,"ante. Vivamus non lorem vitae odio sagittis semper. Nam tempor diam dictum sapien. Aenean massa. Integer vitae nibh. Donec est mauris, rhoncus id, mollis nec, cursus a, enim. Suspendisse aliquet,",90,
Sara,Kirkland,arcu.eu@nonfeugiatnec.org,Malartic,Georgia,06/05/06,Vel Consulting,"vitae dolor. Donec fringilla. Donec feugiat metus sit amet ante. Vivamus non lorem vitae odio sagittis semper. Nam tempor diam dictum sapien. Aenean massa. Integer vitae nibh. Donec est mauris, rhoncus id, mollis nec, cursus a, enim. Suspendisse aliquet, sem",91,"active, "
Minerva,Bernard,amet.orci.Ut@ligulaNullamfeugiat.net,Forfar,Monaco,08/06/05,Mi Lacinia Associates,"sociis natoque penatibus et magnis dis parturient montes, nascetur ridiculus mus. Proin vel arcu eu odio tristique pharetra. Quisque ac libero nec",92,", author"
Astra,Phillips,nascetur@lorem.com,Rocca di Cambio,Puerto Rico,07/19/09,Auctor Velit Corp.,"amet nulla. Donec non justo. Proin non massa non ante bibendum ullamcorper. Duis cursus, diam at pretium aliquet, metus urna convallis erat,",93,", guest, author"
Gavin,Gould,dapibus.id@euturpisNulla.com,Garbsen,Zambia,01/17/09,Erat Institute,orci. Ut semper pretium neque. Morbi quis urna. Nunc quis arcu vel quam dignissim pharetra. Nam ac nulla. In tincidunt congue turpis. In condimentum. Donec at arcu. Vestibulum ante ipsum primis,94,", author"
Irma,Moon,eget.lacus@sedsapienNunc.co.uk,Gaithersburg,Saint Pierre and Miquelon,03/02/14,Fusce Ltd,"ligula. Nullam enim. Sed nulla ante, iaculis nec, eleifend non, dapibus rutrum, justo. Praesent luctus. Curabitur egestas nunc sed libero.",95,
Heather,Johns,Cum.sociis.natoque@Aliquamadipiscinglobortis.net,Columbus,Samoa,11/12/10,Elit Dictum Eu Ltd,"faucibus. Morbi vehicula. Pellentesque tincidunt tempus risus. Donec egestas. Duis ac arcu. Nunc mauris. Morbi non sapien molestie orci tincidunt adipiscing. Mauris molestie pharetra nibh. Aliquam ornare, libero at auctor",96,guest
Gavin,Henderson,lobortis.quis@Aliquamtinciduntnunc.org,Forchtenstein,Brunei,02/08/10,Dui Suspendisse LLC,"dolor sit amet, consectetuer adipiscing elit. Aliquam auctor, velit eget laoreet posuere, enim nisl elementum purus, accumsan interdum libero dui nec",97,"editor, author"
Brody,Moss,congue.a@acsemut.org,Modinagar,Cape Verde,07/04/06,Nisl Nulla Ltd,"Mauris molestie pharetra nibh. Aliquam ornare, libero at auctor ullamcorper, nisl arcu iaculis enim, sit amet ornare lectus justo eu arcu. Morbi sit amet",98,author
Tanek,Richardson,tempor.lorem@scelerisquelorem.co.uk,Klabbeek,Tajikistan,12/25/13,Scelerisque LLP,nulla. Integer urna. Vivamus molestie dapibus ligula. Aliquam erat volutpat. Nulla dignissim. Maecenas ornare egestas ligula. Nullam feugiat placerat velit. Quisque varius. Nam porttitor scelerisque neque. Nullam nisl. Maecenas malesuada fringilla est. Mauris eu turpis.,99,
Idola,Higgins,Mauris@vehiculaetrutrum.org,Doel,Equatorial Guinea,05/22/07,Eu Tellus Phasellus Inc.,ante ipsum primis in faucibus orci luctus et ultrices posuere cubilia Curae; Phasellus ornare. Fusce mollis. Duis sit amet diam eu,100,contributor